bracket,round,config,resource,score,time
4,0,"{'hidden_layer_sizes': (128, 116), 'activation': np.str_('tanh'), 'solver': 'adam', 'alpha': np.float64(1.1434961672243028e-05), 'learning_rate_init': np.float64(0.008828260510318769), 'batch_size': 256, 'early_stopping': True, 'validation_fraction': 0.1, 'n_iter_no_change': 10}",1,0.7618315280477533,0.26322507858276367
4,0,"{'hidden_layer_sizes': (144,), 'activation': np.str_('tanh'), 'solver': 'adam', 'alpha': np.float64(0.0026370933653339502), 'learning_rate_init': np.float64(0.0002028421304615347), 'batch_size': 32, 'early_stopping': True, 'validation_fraction': 0.1, 'n_iter_no_change': 10}",1,0.7419423703462465,0.35730886459350586
4,0,"{'hidden_layer_sizes': (116,), 'activation': np.str_('relu'), 'solver': 'adam', 'alpha': np.float64(0.033267749467591055), 'learning_rate_init': np.float64(0.004530365961110124), 'batch_size': 128, 'early_stopping': True, 'validation_fraction': 0.1, 'n_iter_no_change': 10}",1,0.7647109081262062,0.1930849552154541
4,0,"{'hidden_layer_sizes': (50,), 'activation': np.str_('relu'), 'solver': 'adam', 'alpha': np.float64(0.07000611615845177), 'learning_rate_init': np.float64(0.006232276404235466), 'batch_size': 128, 'early_stopping': True, 'validation_fraction': 0.1, 'n_iter_no_change': 10}",1,0.7679355108883109,0.16025185585021973
4,0,"{'hidden_layer_sizes': (151, 90, 174), 'activation': np.str_('tanh'), 'solver': 'adam', 'alpha': np.float64(0.00040712116369159303), 'learning_rate_init': np.float64(0.00027768120498696577), 'batch_size': 32, 'early_stopping': True, 'validation_fraction': 0.1, 'n_iter_no_change': 10}",1,0.7521267107086075,0.7910029888153076
4,0,"{'hidden_layer_sizes': (203, 97, 275), 'activation': np.str_('relu'), 'solver': 'adam', 'alpha': np.float64(3.219759763315494e-05), 'learning_rate_init': np.float64(0.00010367713614320823), 'batch_size': 32, 'early_stopping': True, 'validation_fraction': 0.1, 'n_iter_no_change': 10}",1,0.7549546704376361,0.9368059635162354
4,0,"{'hidden_layer_sizes': (297, 139, 218), 'activation': np.str_('relu'), 'solver': 'adam', 'alpha': np.float64(0.0013478158908478866), 'learning_rate_init': np.float64(0.0033967227662544588), 'batch_size': 64, 'early_stopping': True, 'validation_fraction': 0.1, 'n_iter_no_change': 10}",1,0.7817680260975891,0.7457709312438965
4,0,"{'hidden_layer_sizes': (241, 132), 'activation': np.str_('tanh'), 'solver': 'adam', 'alpha': np.float64(0.014891753381737295), 'learning_rate_init': np.float64(0.009414625552961065), 'batch_size': 32, 'early_stopping': True, 'validation_fraction': 0.1, 'n_iter_no_change': 10}",1,0.7457880834658356,0.7292437553405762
4,0,"{'hidden_layer_sizes': (75, 105, 151), 'activation': np.str_('relu'), 'solver': 'adam', 'alpha': np.float64(0.0017338134420413949), 'learning_rate_init': np.float64(0.008397231751568158), 'batch_size': 64, 'early_stopping': True, 'validation_fraction': 0.1, 'n_iter_no_change': 10}",1,0.7740620817404472,0.42992210388183594
4,0,"{'hidden_layer_sizes': (102, 88), 'activation': np.str_('tanh'), 'solver': 'adam', 'alpha': np.float64(0.002332700353221117), 'learning_rate_init': np.float64(0.0002835783633476878), 'batch_size': 128, 'early_stopping': True, 'validation_fraction': 0.1, 'n_iter_no_change': 10}",1,0.74227464304345,0.2615060806274414
4,0,"{'hidden_layer_sizes': (116, 259, 95), 'activation': np.str_('tanh'), 'solver': 'adam', 'alpha': np.float64(0.00027259570488890006), 'learning_rate_init': np.float64(0.004680796301594411), 'batch_size': 128, 'early_stopping': True, 'validation_fraction': 0.1, 'n_iter_no_change': 10}",1,0.7727257338556672,0.4737231731414795
4,0,"{'hidden_layer_sizes': (136,), 'activation': np.str_('tanh'), 'solver': 'adam', 'alpha': np.float64(0.00017558537289215717), 'learning_rate_init': np.float64(0.00046232626676890383), 'batch_size': 256, 'early_stopping': True, 'validation_fraction': 0.1, 'n_iter_no_change': 10}",1,0.7050464710189747,0.18243789672851562
4,0,"{'hidden_layer_sizes': (59,), 'activation': np.str_('relu'), 'solver': 'adam', 'alpha': np.float64(0.01860952217533034), 'learning_rate_init': np.float64(0.006256297059205525), 'batch_size': 64, 'early_stopping': True, 'validation_fraction': 0.1, 'n_iter_no_change': 10}",1,0.765584250743332,0.19754791259765625
4,0,"{'hidden_layer_sizes': (142,), 'activation': np.str_('tanh'), 'solver': 'adam', 'alpha': np.float64(0.00014277721470418492), 'learning_rate_init': np.float64(0.00016559100372232579), 'batch_size': 64, 'early_stopping': True, 'validation_fraction': 0.1, 'n_iter_no_change': 10}",1,0.7166994682852877,0.2558741569519043
4,0,"{'hidden_layer_sizes': (76, 81), 'activation': np.str_('tanh'), 'solver': 'adam', 'alpha': np.float64(5.533512186683143e-05), 'learning_rate_init': np.float64(0.0006772724762268181), 'batch_size': 128, 'early_stopping': True, 'validation_fraction': 0.1, 'n_iter_no_change': 10}",1,0.7502732378606934,0.24767208099365234
4,0,"{'hidden_layer_sizes': (186, 196), 'activation': np.str_('relu'), 'solver': 'adam', 'alpha': np.float64(0.09787526769674665), 'learning_rate_init': np.float64(0.00012282972152212164), 'batch_size': 256, 'early_stopping': True, 'validation_fraction': 0.1, 'n_iter_no_change': 10}",1,0.7032782896821484,0.3112831115722656
4,0,"{'hidden_layer_sizes': (125, 247, 87), 'activation': np.str_('tanh'), 'solver': 'adam', 'alpha': np.float64(0.046884171589489015), 'learning_rate_init': np.float64(0.000984437798348304), 'batch_size': 256, 'early_stopping': True, 'validation_fraction': 0.1, 'n_iter_no_change': 10}",1,0.7563657540345131,0.38744187355041504
4,0,"{'hidden_layer_sizes': (177,), 'activation': np.str_('tanh'), 'solver': 'adam', 'alpha': np.float64(0.004023589682084487), 'learning_rate_init': np.float64(0.0016277079512168385), 'batch_size': 64, 'early_stopping': True, 'validation_fraction': 0.1, 'n_iter_no_change': 10}",1,0.753062394381757,0.28587889671325684
4,0,"{'hidden_layer_sizes': (55, 64, 232), 'activation': np.str_('relu'), 'solver': 'adam', 'alpha': np.float64(4.660027023279974e-05), 'learning_rate_init': np.float64(0.0006426359098874961), 'batch_size': 128, 'early_stopping': True, 'validation_fraction': 0.1, 'n_iter_no_change': 10}",1,0.7580397271132547,0.3297300338745117
4,0,"{'hidden_layer_sizes': (132, 55), 'activation': np.str_('tanh'), 'solver': 'adam', 'alpha': np.float64(1.3409586197607618e-05), 'learning_rate_init': np.float64(0.00015961580086317078), 'batch_size': 128, 'early_stopping': True, 'validation_fraction': 0.1, 'n_iter_no_change': 10}",1,0.722763434893667,0.25808095932006836
4,0,"{'hidden_layer_sizes': (81,), 'activation': np.str_('relu'), 'solver': 'adam', 'alpha': np.float64(0.09663666267206814), 'learning_rate_init': np.float64(0.006341188041407988), 'batch_size': 256, 'early_stopping': True, 'validation_fraction': 0.1, 'n_iter_no_change': 10}",1,0.7584650351329097,0.15471506118774414
4,0,"{'hidden_layer_sizes': (181, 205, 81), 'activation': np.str_('relu'), 'solver': 'adam', 'alpha': np.float64(0.0033828316063557605), 'learning_rate_init': np.float64(0.00010206076129259103), 'batch_size': 64, 'early_stopping': True, 'validation_fraction': 0.1, 'n_iter_no_change': 10}",1,0.7447986383417167,0.6006991863250732
4,0,"{'hidden_layer_sizes': (270,), 'activation': np.str_('relu'), 'solver': 'adam', 'alpha': np.float64(0.00019271683027138612), 'learning_rate_init': np.float64(0.0005924114122875134), 'batch_size': 128, 'early_stopping': True, 'validation_fraction': 0.1, 'n_iter_no_change': 10}",1,0.7428938269786226,0.24980902671813965
4,0,"{'hidden_layer_sizes': (60, 100), 'activation': np.str_('relu'), 'solver': 'adam', 'alpha': np.float64(0.0021432921924089466), 'learning_rate_init': np.float64(0.0003588579382190194), 'batch_size': 32, 'early_stopping': True, 'validation_fraction': 0.1, 'n_iter_no_change': 10}",1,0.7518736927168227,0.38387203216552734
4,0,"{'hidden_layer_sizes': (243, 84), 'activation': np.str_('relu'), 'solver': 'adam', 'alpha': np.float64(1.2756626192058531e-05), 'learning_rate_init': np.float64(0.0065391648620964455), 'batch_size': 64, 'early_stopping': True, 'validation_fraction': 0.1, 'n_iter_no_change': 10}",1,0.7771943805850315,0.40322375297546387
4,0,"{'hidden_layer_sizes': (169, 128, 237), 'activation': np.str_('relu'), 'solver': 'adam', 'alpha': np.float64(0.0024419032280794456), 'learning_rate_init': np.float64(0.006681044003133819), 'batch_size': 64, 'early_stopping': True, 'validation_fraction': 0.1, 'n_iter_no_change': 10}",1,0.77581336118512,0.5850238800048828
4,0,"{'hidden_layer_sizes': (207, 177), 'activation': np.str_('tanh'), 'solver': 'adam', 'alpha': np.float64(0.004264547972513763), 'learning_rate_init': np.float64(0.001748737017186386), 'batch_size': 128, 'early_stopping': True, 'validation_fraction': 0.1, 'n_iter_no_change': 10}",1,0.7514248600844495,0.392733097076416
4,0,"{'hidden_layer_sizes': (98,), 'activation': np.str_('relu'), 'solver': 'adam', 'alpha': np.float64(5.234649635336326e-05), 'learning_rate_init': np.float64(0.008884428809945014), 'batch_size': 256, 'early_stopping': True, 'validation_fraction': 0.1, 'n_iter_no_change': 10}",1,0.7683951034621558,0.15868520736694336
4,0,"{'hidden_layer_sizes': (53,), 'activation': np.str_('tanh'), 'solver': 'adam', 'alpha': np.float64(0.0018082466455946443), 'learning_rate_init': np.float64(0.008744761334024883), 'batch_size': 128, 'early_stopping': True, 'validation_fraction': 0.1, 'n_iter_no_change': 10}",1,0.7608612309672579,0.16348600387573242
4,0,"{'hidden_layer_sizes': (139,), 'activation': np.str_('tanh'), 'solver': 'adam', 'alpha': np.float64(0.002335983185493817), 'learning_rate_init': np.float64(0.00012846177720977255), 'batch_size': 32, 'early_stopping': True, 'validation_fraction': 0.1, 'n_iter_no_change': 10}",1,0.7114215045491239,0.35272789001464844
4,0,"{'hidden_layer_sizes': (277, 197, 136), 'activation': np.str_('relu'), 'solver': 'adam', 'alpha': np.float64(3.432468291817951e-05), 'learning_rate_init': np.float64(0.0003275512248817542), 'batch_size': 64, 'early_stopping': True, 'validation_fraction': 0.1, 'n_iter_no_change': 10}",1,0.7719827199561845,0.7378299236297607
4,0,"{'hidden_layer_sizes': (120, 130, 75), 'activation': np.str_('relu'), 'solver': 'adam', 'alpha': np.float64(1.4252063622453243e-05), 'learning_rate_init': np.float64(0.0008688117842569317), 'batch_size': 64, 'early_stopping': True, 'validation_fraction': 0.1, 'n_iter_no_change': 10}",1,0.771466222203368,0.4499020576477051
4,0,"{'hidden_layer_sizes': (172, 182), 'activation': np.str_('relu'), 'solver': 'adam', 'alpha': np.float64(1.1797094754285829e-05), 'learning_rate_init': np.float64(0.00011767059370888722), 'batch_size': 128, 'early_stopping': True, 'validation_fraction': 0.1, 'n_iter_no_change': 10}",1,0.7038039781269231,0.35400390625
4,0,"{'hidden_layer_sizes': (69, 209, 74), 'activation': np.str_('relu'), 'solver': 'adam', 'alpha': np.float64(0.07914214401624735), 'learning_rate_init': np.float64(0.00021948204195167947), 'batch_size': 32, 'early_stopping': True, 'validation_fraction': 0.1, 'n_iter_no_change': 10}",1,0.7589198975196826,0.649949312210083
4,0,"{'hidden_layer_sizes': (154,), 'activation': np.str_('relu'), 'solver': 'adam', 'alpha': np.float64(0.0056661435457698766), 'learning_rate_init': np.float64(0.00018669676012265712), 'batch_size': 256, 'early_stopping': True, 'validation_fraction': 0.1, 'n_iter_no_change': 10}",1,0.6389462573943566,0.17790699005126953
4,0,"{'hidden_layer_sizes': (94, 69, 160), 'activation': np.str_('tanh'), 'solver': 'adam', 'alpha': np.float64(0.004697327947188419), 'learning_rate_init': np.float64(0.0010233356463959337), 'batch_size': 128, 'early_stopping': True, 'validation_fraction': 0.1, 'n_iter_no_change': 10}",1,0.7552743427812348,0.34490418434143066
4,0,"{'hidden_layer_sizes': (236, 163), 'activation': np.str_('tanh'), 'solver': 'adam', 'alpha': np.float64(0.0003849578112805029), 'learning_rate_init': np.float64(0.0007544227934874872), 'batch_size': 128, 'early_stopping': True, 'validation_fraction': 0.1, 'n_iter_no_change': 10}",1,0.7430573653903494,0.40377187728881836
4,0,"{'hidden_layer_sizes': (265, 56, 227), 'activation': np.str_('tanh'), 'solver': 'adam', 'alpha': np.float64(0.001029403223843248), 'learning_rate_init': np.float64(0.0013609252742119286), 'batch_size': 32, 'early_stopping': True, 'validation_fraction': 0.1, 'n_iter_no_change': 10}",1,0.7611397253791617,0.7999310493469238
4,0,"{'hidden_layer_sizes': (73,), 'activation': np.str_('relu'), 'solver': 'adam', 'alpha': np.float64(0.0010086974481117261), 'learning_rate_init': np.float64(0.00038140933485264386), 'batch_size': 32, 'early_stopping': True, 'validation_fraction': 0.1, 'n_iter_no_change': 10}",1,0.7303529854407929,0.26258301734924316
4,0,"{'hidden_layer_sizes': (125,), 'activation': np.str_('relu'), 'solver': 'adam', 'alpha': np.float64(0.018788933038258734), 'learning_rate_init': np.float64(0.0011336629515760735), 'batch_size': 256, 'early_stopping': True, 'validation_fraction': 0.1, 'n_iter_no_change': 10}",1,0.7374609331503811,0.16987323760986328
4,0,"{'hidden_layer_sizes': (149, 83), 'activation': np.str_('tanh'), 'solver': 'adam', 'alpha': np.float64(5.714653740872598e-05), 'learning_rate_init': np.float64(0.0024530962284177804), 'batch_size': 128, 'early_stopping': True, 'validation_fraction': 0.1, 'n_iter_no_change': 10}",1,0.7586987257140582,0.2873377799987793
4,0,"{'hidden_layer_sizes': (83,), 'activation': np.str_('relu'), 'solver': 'adam', 'alpha': np.float64(0.003337510586731687), 'learning_rate_init': np.float64(0.005416092390240024), 'batch_size': 32, 'early_stopping': True, 'validation_fraction': 0.1, 'n_iter_no_change': 10}",1,0.7729387098279562,0.2823460102081299
4,0,"{'hidden_layer_sizes': (91,), 'activation': np.str_('relu'), 'solver': 'adam', 'alpha': np.float64(3.9483686132499966e-05), 'learning_rate_init': np.float64(0.0002401521104265172), 'batch_size': 128, 'early_stopping': True, 'validation_fraction': 0.1, 'n_iter_no_change': 10}",1,0.6893071461075252,0.1786208152770996
4,0,"{'hidden_layer_sizes': (122,), 'activation': np.str_('relu'), 'solver': 'adam', 'alpha': np.float64(0.006448707388304776), 'learning_rate_init': np.float64(0.0002246985214675383), 'batch_size': 64, 'early_stopping': True, 'validation_fraction': 0.1, 'n_iter_no_change': 10}",1,0.713257345097804,0.23860502243041992
4,0,"{'hidden_layer_sizes': (168,), 'activation': np.str_('relu'), 'solver': 'adam', 'alpha': np.float64(0.002617272697507497), 'learning_rate_init': np.float64(0.0024057307254576003), 'batch_size': 32, 'early_stopping': True, 'validation_fraction': 0.1, 'n_iter_no_change': 10}",1,0.7712001300901159,0.3793160915374756
4,0,"{'hidden_layer_sizes': (55, 53), 'activation': np.str_('tanh'), 'solver': 'adam', 'alpha': np.float64(0.015172084130549037), 'learning_rate_init': np.float64(0.00023538579376470052), 'batch_size': 64, 'early_stopping': True, 'validation_fraction': 0.1, 'n_iter_no_change': 10}",1,0.736352220079472,0.26314401626586914
4,0,"{'hidden_layer_sizes': (98,), 'activation': np.str_('relu'), 'solver': 'adam', 'alpha': np.float64(0.008272714061842863), 'learning_rate_init': np.float64(0.00010770253974369155), 'batch_size': 128, 'early_stopping': True, 'validation_fraction': 0.1, 'n_iter_no_change': 10}",1,0.6460456980874383,0.19203400611877441
4,0,"{'hidden_layer_sizes': (52, 73), 'activation': np.str_('tanh'), 'solver': 'adam', 'alpha': np.float64(0.0012860523541965816), 'learning_rate_init': np.float64(0.006256530340179193), 'batch_size': 64, 'early_stopping': True, 'validation_fraction': 0.1, 'n_iter_no_change': 10}",1,0.7649418701288523,0.2662348747253418
4,0,"{'hidden_layer_sizes': (77, 119), 'activation': np.str_('tanh'), 'solver': 'adam', 'alpha': np.float64(0.004772664843717883), 'learning_rate_init': np.float64(0.005524914461439535), 'batch_size': 128, 'early_stopping': True, 'validation_fraction': 0.1, 'n_iter_no_change': 10}",1,0.7502819828341316,0.25832605361938477
4,0,"{'hidden_layer_sizes': (282, 67, 73), 'activation': np.str_('relu'), 'solver': 'adam', 'alpha': np.float64(0.08650511304330653), 'learning_rate_init': np.float64(0.0013477877810481626), 'batch_size': 128, 'early_stopping': True, 'validation_fraction': 0.1, 'n_iter_no_change': 10}",1,0.7761195169763764,0.3938930034637451
4,0,"{'hidden_layer_sizes': (115,), 'activation': np.str_('tanh'), 'solver': 'adam', 'alpha': np.float64(0.031631004804465644), 'learning_rate_init': np.float64(0.00017078672979011715), 'batch_size': 32, 'early_stopping': True, 'validation_fraction': 0.1, 'n_iter_no_change': 10}",1,0.7192407819380643,0.32899928092956543
4,0,"{'hidden_layer_sizes': (128,), 'activation': np.str_('tanh'), 'solver': 'adam', 'alpha': np.float64(0.0002884499562186879), 'learning_rate_init': np.float64(0.005782889616276267), 'batch_size': 128, 'early_stopping': True, 'validation_fraction': 0.1, 'n_iter_no_change': 10}",1,0.7566773697515017,0.21340012550354004
4,0,"{'hidden_layer_sizes': (211,), 'activation': np.str_('relu'), 'solver': 'adam', 'alpha': np.float64(0.002116579015805163), 'learning_rate_init': np.float64(0.0014440072995677664), 'batch_size': 32, 'early_stopping': True, 'validation_fraction': 0.1, 'n_iter_no_change': 10}",1,0.768193428097049,0.3998219966888428
4,0,"{'hidden_layer_sizes': (51, 159), 'activation': np.str_('relu'), 'solver': 'adam', 'alpha': np.float64(0.08596580900768547), 'learning_rate_init': np.float64(0.004400812176035255), 'batch_size': 256, 'early_stopping': True, 'validation_fraction': 0.1, 'n_iter_no_change': 10}",1,0.7703111528666992,0.21486282348632812
4,0,"{'hidden_layer_sizes': (232,), 'activation': np.str_('tanh'), 'solver': 'adam', 'alpha': np.float64(0.0007726388601315525), 'learning_rate_init': np.float64(0.00039587867273014926), 'batch_size': 32, 'early_stopping': True, 'validation_fraction': 0.1, 'n_iter_no_change': 10}",1,0.7487606744602321,0.41480088233947754
4,0,"{'hidden_layer_sizes': (155,), 'activation': np.str_('relu'), 'solver': 'adam', 'alpha': np.float64(0.00010292276408082563), 'learning_rate_init': np.float64(0.0007998986363756805), 'batch_size': 128, 'early_stopping': True, 'validation_fraction': 0.1, 'n_iter_no_change': 10}",1,0.7483624642974828,0.20340490341186523
4,0,"{'hidden_layer_sizes': (100, 208), 'activation': np.str_('relu'), 'solver': 'adam', 'alpha': np.float64(1.0329960589446393e-05), 'learning_rate_init': np.float64(0.0002846812941423648), 'batch_size': 32, 'early_stopping': True, 'validation_fraction': 0.1, 'n_iter_no_change': 10}",1,0.758121897341808,0.5366871356964111
4,0,"{'hidden_layer_sizes': (70, 245, 124), 'activation': np.str_('relu'), 'solver': 'adam', 'alpha': np.float64(0.0038904630585511715), 'learning_rate_init': np.float64(0.0003142421953428667), 'batch_size': 256, 'early_stopping': True, 'validation_fraction': 0.1, 'n_iter_no_change': 10}",1,0.7109911998555521,0.345473051071167
4,0,"{'hidden_layer_sizes': (108, 147), 'activation': np.str_('relu'), 'solver': 'adam', 'alpha': np.float64(0.004945471160301542), 'learning_rate_init': np.float64(0.00047619425408414976), 'batch_size': 32, 'early_stopping': True, 'validation_fraction': 0.1, 'n_iter_no_change': 10}",1,0.7746140356022986,0.49906206130981445
4,0,"{'hidden_layer_sizes': (144,), 'activation': np.str_('relu'), 'solver': 'adam', 'alpha': np.float64(0.09069298380718611), 'learning_rate_init': np.float64(0.0007576395311759032), 'batch_size': 256, 'early_stopping': True, 'validation_fraction': 0.1, 'n_iter_no_change': 10}",1,0.7244076461809046,0.17777466773986816
4,0,"{'hidden_layer_sizes': (241, 111, 255), 'activation': np.str_('tanh'), 'solver': 'adam', 'alpha': np.float64(1.16094919296083e-05), 'learning_rate_init': np.float64(0.00036365543388131396), 'batch_size': 64, 'early_stopping': True, 'validation_fraction': 0.1, 'n_iter_no_change': 10}",1,0.7551759909122492,0.7013921737670898
4,0,"{'hidden_layer_sizes': (194, 217), 'activation': np.str_('relu'), 'solver': 'adam', 'alpha': np.float64(0.0009794683795960873), 'learning_rate_init': np.float64(0.004022221959402056), 'batch_size': 64, 'early_stopping': True, 'validation_fraction': 0.1, 'n_iter_no_change': 10}",1,0.7816324889637523,0.5061061382293701
4,0,"{'hidden_layer_sizes': (129, 143, 124), 'activation': np.str_('tanh'), 'solver': 'adam', 'alpha': np.float64(0.00705104189352263), 'learning_rate_init': np.float64(0.0003181557564886411), 'batch_size': 32, 'early_stopping': True, 'validation_fraction': 0.1, 'n_iter_no_change': 10}",1,0.7521069509292836,0.7576570510864258
4,0,"{'hidden_layer_sizes': (211, 58, 90), 'activation': np.str_('tanh'), 'solver': 'adam', 'alpha': np.float64(0.00010335186841682954), 'learning_rate_init': np.float64(0.0006311253148723613), 'batch_size': 64, 'early_stopping': True, 'validation_fraction': 0.1, 'n_iter_no_change': 10}",1,0.762855374900063,0.4694383144378662
4,0,"{'hidden_layer_sizes': (60, 75, 104), 'activation': np.str_('relu'), 'solver': 'adam', 'alpha': np.float64(0.07075950285244233), 'learning_rate_init': np.float64(0.0006137214710604008), 'batch_size': 64, 'early_stopping': True, 'validation_fraction': 0.1, 'n_iter_no_change': 10}",1,0.7615533187816649,0.3590419292449951
4,0,"{'hidden_layer_sizes': (103, 73, 168), 'activation': np.str_('relu'), 'solver': 'adam', 'alpha': np.float64(0.00019165559879274018), 'learning_rate_init': np.float64(0.0001601922285473955), 'batch_size': 64, 'early_stopping': True, 'validation_fraction': 0.1, 'n_iter_no_change': 10}",1,0.734479521952871,0.4353501796722412
4,0,"{'hidden_layer_sizes': (55,), 'activation': np.str_('relu'), 'solver': 'adam', 'alpha': np.float64(0.006051208796366006), 'learning_rate_init': np.float64(0.00015691460313388363), 'batch_size': 128, 'early_stopping': True, 'validation_fraction': 0.1, 'n_iter_no_change': 10}",1,0.6058157651496288,0.15984416007995605
4,0,"{'hidden_layer_sizes': (179, 52), 'activation': np.str_('tanh'), 'solver': 'adam', 'alpha': np.float64(0.00023873780751490164), 'learning_rate_init': np.float64(0.003211779747954273), 'batch_size': 256, 'early_stopping': True, 'validation_fraction': 0.1, 'n_iter_no_change': 10}",1,0.7592762667144205,0.23941397666931152
4,0,"{'hidden_layer_sizes': (56, 81), 'activation': np.str_('relu'), 'solver': 'adam', 'alpha': np.float64(0.0032722427568794487), 'learning_rate_init': np.float64(0.00044140500264957107), 'batch_size': 128, 'early_stopping': True, 'validation_fraction': 0.1, 'n_iter_no_change': 10}",1,0.7227787013310575,0.21308684349060059
4,0,"{'hidden_layer_sizes': (59,), 'activation': np.str_('tanh'), 'solver': 'adam', 'alpha': np.float64(0.00010039426060575804), 'learning_rate_init': np.float64(0.006154639277417577), 'batch_size': 128, 'early_stopping': True, 'validation_fraction': 0.1, 'n_iter_no_change': 10}",1,0.7603768396769747,0.16608524322509766
4,0,"{'hidden_layer_sizes': (160,), 'activation': np.str_('relu'), 'solver': 'adam', 'alpha': np.float64(0.00029124445130267234), 'learning_rate_init': np.float64(0.0003629866489062596), 'batch_size': 32, 'early_stopping': True, 'validation_fraction': 0.1, 'n_iter_no_change': 10}",1,0.7588613786336161,0.3529808521270752
4,0,"{'hidden_layer_sizes': (162, 59), 'activation': np.str_('relu'), 'solver': 'adam', 'alpha': np.float64(0.0011264345854386068), 'learning_rate_init': np.float64(0.00027547887385958014), 'batch_size': 64, 'early_stopping': True, 'validation_fraction': 0.1, 'n_iter_no_change': 10}",1,0.7503266341110154,0.33887696266174316
4,0,"{'hidden_layer_sizes': (289, 141, 53), 'activation': np.str_('tanh'), 'solver': 'adam', 'alpha': np.float64(0.0009545547035522657), 'learning_rate_init': np.float64(0.00028521200654886276), 'batch_size': 64, 'early_stopping': True, 'validation_fraction': 0.1, 'n_iter_no_change': 10}",1,0.7563852386652586,0.6250770092010498
4,0,"{'hidden_layer_sizes': (168, 109, 121), 'activation': np.str_('tanh'), 'solver': 'adam', 'alpha': np.float64(0.0012968231114974748), 'learning_rate_init': np.float64(0.0001612456876589724), 'batch_size': 32, 'early_stopping': True, 'validation_fraction': 0.1, 'n_iter_no_change': 10}",1,0.760855992822009,0.7354319095611572
4,0,"{'hidden_layer_sizes': (65, 222), 'activation': np.str_('relu'), 'solver': 'adam', 'alpha': np.float64(6.051750756501251e-05), 'learning_rate_init': np.float64(0.007768458386078354), 'batch_size': 128, 'early_stopping': True, 'validation_fraction': 0.1, 'n_iter_no_change': 10}",1,0.7784577900748001,0.27465200424194336
4,0,"{'hidden_layer_sizes': (63, 57), 'activation': np.str_('tanh'), 'solver': 'adam', 'alpha': np.float64(0.00016464751138464632), 'learning_rate_init': np.float64(0.000705823807448341), 'batch_size': 32, 'early_stopping': True, 'validation_fraction': 0.1, 'n_iter_no_change': 10}",1,0.7613233953351838,0.36678123474121094
4,0,"{'hidden_layer_sizes': (55,), 'activation': np.str_('tanh'), 'solver': 'adam', 'alpha': np.float64(1.6356930332338013e-05), 'learning_rate_init': np.float64(0.0011204117457615564), 'batch_size': 128, 'early_stopping': True, 'validation_fraction': 0.1, 'n_iter_no_change': 10}",1,0.7366057728710969,0.16496491432189941
4,0,"{'hidden_layer_sizes': (155,), 'activation': np.str_('tanh'), 'solver': 'adam', 'alpha': np.float64(0.02302820462620712), 'learning_rate_init': np.float64(0.0001208565944405645), 'batch_size': 128, 'early_stopping': True, 'validation_fraction': 0.1, 'n_iter_no_change': 10}",1,0.7007430334896748,0.21733593940734863
4,0,"{'hidden_layer_sizes': (218, 140, 114), 'activation': np.str_('relu'), 'solver': 'adam', 'alpha': np.float64(0.0002278766815087513), 'learning_rate_init': np.float64(0.0007589646630343501), 'batch_size': 256, 'early_stopping': True, 'validation_fraction': 0.1, 'n_iter_no_change': 10}",1,0.7690400007089323,0.3624083995819092
4,0,"{'hidden_layer_sizes': (161, 54, 121), 'activation': np.str_('relu'), 'solver': 'adam', 'alpha': np.float64(0.0032771962189353087), 'learning_rate_init': np.float64(0.002378144256068384), 'batch_size': 64, 'early_stopping': True, 'validation_fraction': 0.1, 'n_iter_no_change': 10}",1,0.7876977885033566,0.41455793380737305
4,0,"{'hidden_layer_sizes': (66,), 'activation': np.str_('relu'), 'solver': 'adam', 'alpha': np.float64(2.500261564231036e-05), 'learning_rate_init': np.float64(0.0006193569969953757), 'batch_size': 64, 'early_stopping': True, 'validation_fraction': 0.1, 'n_iter_no_change': 10}",1,0.7391473268180359,0.20632505416870117
4,1,"{'hidden_layer_sizes': (265, 56, 227), 'activation': np.str_('tanh'), 'solver': 'adam', 'alpha': np.float64(0.001029403223843248), 'learning_rate_init': np.float64(0.0013609252742119286), 'batch_size': 32, 'early_stopping': True, 'validation_fraction': 0.1, 'n_iter_no_change': 10}",3,0.7852316270009698,2.1258630752563477
4,1,"{'hidden_layer_sizes': (63, 57), 'activation': np.str_('tanh'), 'solver': 'adam', 'alpha': np.float64(0.00016464751138464632), 'learning_rate_init': np.float64(0.000705823807448341), 'batch_size': 32, 'early_stopping': True, 'validation_fraction': 0.1, 'n_iter_no_change': 10}",3,0.7704265753676696,0.8807737827301025
4,1,"{'hidden_layer_sizes': (60, 75, 104), 'activation': np.str_('relu'), 'solver': 'adam', 'alpha': np.float64(0.07075950285244233), 'learning_rate_init': np.float64(0.0006137214710604008), 'batch_size': 64, 'early_stopping': True, 'validation_fraction': 0.1, 'n_iter_no_change': 10}",3,0.7817885771246026,0.8534948825836182
4,1,"{'hidden_layer_sizes': (128, 116), 'activation': np.str_('tanh'), 'solver': 'adam', 'alpha': np.float64(1.1434961672243028e-05), 'learning_rate_init': np.float64(0.008828260510318769), 'batch_size': 256, 'early_stopping': True, 'validation_fraction': 0.1, 'n_iter_no_change': 10}",3,0.7911879077299124,0.5018019676208496
4,1,"{'hidden_layer_sizes': (211, 58, 90), 'activation': np.str_('tanh'), 'solver': 'adam', 'alpha': np.float64(0.00010335186841682954), 'learning_rate_init': np.float64(0.0006311253148723613), 'batch_size': 64, 'early_stopping': True, 'validation_fraction': 0.1, 'n_iter_no_change': 10}",3,0.7812345868809136,1.1431801319122314
4,1,"{'hidden_layer_sizes': (116,), 'activation': np.str_('relu'), 'solver': 'adam', 'alpha': np.float64(0.033267749467591055), 'learning_rate_init': np.float64(0.004530365961110124), 'batch_size': 128, 'early_stopping': True, 'validation_fraction': 0.1, 'n_iter_no_change': 10}",3,0.7805344345093248,0.3617987632751465
4,1,"{'hidden_layer_sizes': (52, 73), 'activation': np.str_('tanh'), 'solver': 'adam', 'alpha': np.float64(0.0012860523541965816), 'learning_rate_init': np.float64(0.006256530340179193), 'batch_size': 64, 'early_stopping': True, 'validation_fraction': 0.1, 'n_iter_no_change': 10}",3,0.7957202578348282,0.5708117485046387
4,1,"{'hidden_layer_sizes': (59,), 'activation': np.str_('relu'), 'solver': 'adam', 'alpha': np.float64(0.01860952217533034), 'learning_rate_init': np.float64(0.006256297059205525), 'batch_size': 64, 'early_stopping': True, 'validation_fraction': 0.1, 'n_iter_no_change': 10}",3,0.7784102359309116,0.38239169120788574
4,1,"{'hidden_layer_sizes': (50,), 'activation': np.str_('relu'), 'solver': 'adam', 'alpha': np.float64(0.07000611615845177), 'learning_rate_init': np.float64(0.006232276404235466), 'batch_size': 128, 'early_stopping': True, 'validation_fraction': 0.1, 'n_iter_no_change': 10}",3,0.7839741442631452,0.28006792068481445
4,1,"{'hidden_layer_sizes': (211,), 'activation': np.str_('relu'), 'solver': 'adam', 'alpha': np.float64(0.002116579015805163), 'learning_rate_init': np.float64(0.0014440072995677664), 'batch_size': 32, 'early_stopping': True, 'validation_fraction': 0.1, 'n_iter_no_change': 10}",3,0.7867016525079564,0.9429488182067871
4,1,"{'hidden_layer_sizes': (98,), 'activation': np.str_('relu'), 'solver': 'adam', 'alpha': np.float64(5.234649635336326e-05), 'learning_rate_init': np.float64(0.008884428809945014), 'batch_size': 256, 'early_stopping': True, 'validation_fraction': 0.1, 'n_iter_no_change': 10}",3,0.7762631619567314,0.2827162742614746
4,1,"{'hidden_layer_sizes': (218, 140, 114), 'activation': np.str_('relu'), 'solver': 'adam', 'alpha': np.float64(0.0002278766815087513), 'learning_rate_init': np.float64(0.0007589646630343501), 'batch_size': 256, 'early_stopping': True, 'validation_fraction': 0.1, 'n_iter_no_change': 10}",3,0.7872607824019732,0.85188889503479
4,1,"{'hidden_layer_sizes': (51, 159), 'activation': np.str_('relu'), 'solver': 'adam', 'alpha': np.float64(0.08596580900768547), 'learning_rate_init': np.float64(0.004400812176035255), 'batch_size': 256, 'early_stopping': True, 'validation_fraction': 0.1, 'n_iter_no_change': 10}",3,0.7894280795547536,0.42892885208129883
4,1,"{'hidden_layer_sizes': (168,), 'activation': np.str_('relu'), 'solver': 'adam', 'alpha': np.float64(0.002617272697507497), 'learning_rate_init': np.float64(0.0024057307254576003), 'batch_size': 32, 'early_stopping': True, 'validation_fraction': 0.1, 'n_iter_no_change': 10}",3,0.7891291441182346,0.8725860118865967
4,1,"{'hidden_layer_sizes': (120, 130, 75), 'activation': np.str_('relu'), 'solver': 'adam', 'alpha': np.float64(1.4252063622453243e-05), 'learning_rate_init': np.float64(0.0008688117842569317), 'batch_size': 64, 'early_stopping': True, 'validation_fraction': 0.1, 'n_iter_no_change': 10}",3,0.7934315551476184,1.1301469802856445
4,1,"{'hidden_layer_sizes': (277, 197, 136), 'activation': np.str_('relu'), 'solver': 'adam', 'alpha': np.float64(3.432468291817951e-05), 'learning_rate_init': np.float64(0.0003275512248817542), 'batch_size': 64, 'early_stopping': True, 'validation_fraction': 0.1, 'n_iter_no_change': 10}",3,0.7957645035052355,1.9625108242034912
4,1,"{'hidden_layer_sizes': (116, 259, 95), 'activation': np.str_('tanh'), 'solver': 'adam', 'alpha': np.float64(0.00027259570488890006), 'learning_rate_init': np.float64(0.004680796301594411), 'batch_size': 128, 'early_stopping': True, 'validation_fraction': 0.1, 'n_iter_no_change': 10}",3,0.7961434346964852,1.1296701431274414
4,1,"{'hidden_layer_sizes': (83,), 'activation': np.str_('relu'), 'solver': 'adam', 'alpha': np.float64(0.003337510586731687), 'learning_rate_init': np.float64(0.005416092390240024), 'batch_size': 32, 'early_stopping': True, 'validation_fraction': 0.1, 'n_iter_no_change': 10}",3,0.7857906032936476,0.6443607807159424
4,1,"{'hidden_layer_sizes': (75, 105, 151), 'activation': np.str_('relu'), 'solver': 'adam', 'alpha': np.float64(0.0017338134420413949), 'learning_rate_init': np.float64(0.008397231751568158), 'batch_size': 64, 'early_stopping': True, 'validation_fraction': 0.1, 'n_iter_no_change': 10}",3,0.795702555691222,1.0304200649261475
4,1,"{'hidden_layer_sizes': (108, 147), 'activation': np.str_('relu'), 'solver': 'adam', 'alpha': np.float64(0.004945471160301542), 'learning_rate_init': np.float64(0.00047619425408414976), 'batch_size': 32, 'early_stopping': True, 'validation_fraction': 0.1, 'n_iter_no_change': 10}",3,0.7840207275719626,1.2907109260559082
4,1,"{'hidden_layer_sizes': (169, 128, 237), 'activation': np.str_('relu'), 'solver': 'adam', 'alpha': np.float64(0.0024419032280794456), 'learning_rate_init': np.float64(0.006681044003133819), 'batch_size': 64, 'early_stopping': True, 'validation_fraction': 0.1, 'n_iter_no_change': 10}",3,0.7959783133607307,1.4912080764770508
4,1,"{'hidden_layer_sizes': (282, 67, 73), 'activation': np.str_('relu'), 'solver': 'adam', 'alpha': np.float64(0.08650511304330653), 'learning_rate_init': np.float64(0.0013477877810481626), 'batch_size': 128, 'early_stopping': True, 'validation_fraction': 0.1, 'n_iter_no_change': 10}",3,0.7982733740832622,0.9415779113769531
4,1,"{'hidden_layer_sizes': (243, 84), 'activation': np.str_('relu'), 'solver': 'adam', 'alpha': np.float64(1.2756626192058531e-05), 'learning_rate_init': np.float64(0.0065391648620964455), 'batch_size': 64, 'early_stopping': True, 'validation_fraction': 0.1, 'n_iter_no_change': 10}",3,0.7857573897386132,0.988447904586792
4,1,"{'hidden_layer_sizes': (65, 222), 'activation': np.str_('relu'), 'solver': 'adam', 'alpha': np.float64(6.051750756501251e-05), 'learning_rate_init': np.float64(0.007768458386078354), 'batch_size': 128, 'early_stopping': True, 'validation_fraction': 0.1, 'n_iter_no_change': 10}",3,0.7980095924042668,0.5994479656219482
4,1,"{'hidden_layer_sizes': (194, 217), 'activation': np.str_('relu'), 'solver': 'adam', 'alpha': np.float64(0.0009794683795960873), 'learning_rate_init': np.float64(0.004022221959402056), 'batch_size': 64, 'early_stopping': True, 'validation_fraction': 0.1, 'n_iter_no_change': 10}",3,0.800896446776055,1.2789771556854248
4,1,"{'hidden_layer_sizes': (297, 139, 218), 'activation': np.str_('relu'), 'solver': 'adam', 'alpha': np.float64(0.0013478158908478866), 'learning_rate_init': np.float64(0.0033967227662544588), 'batch_size': 64, 'early_stopping': True, 'validation_fraction': 0.1, 'n_iter_no_change': 10}",3,0.8001785897498458,1.8637020587921143
4,1,"{'hidden_layer_sizes': (161, 54, 121), 'activation': np.str_('relu'), 'solver': 'adam', 'alpha': np.float64(0.0032771962189353087), 'learning_rate_init': np.float64(0.002378144256068384), 'batch_size': 64, 'early_stopping': True, 'validation_fraction': 0.1, 'n_iter_no_change': 10}",3,0.8008735362937808,1.0195817947387695
4,2,"{'hidden_layer_sizes': (52, 73), 'activation': np.str_('tanh'), 'solver': 'adam', 'alpha': np.float64(0.0012860523541965816), 'learning_rate_init': np.float64(0.006256530340179193), 'batch_size': 64, 'early_stopping': True, 'validation_fraction': 0.1, 'n_iter_no_change': 10}",9,0.8281681503291548,1.4964759349822998
4,2,"{'hidden_layer_sizes': (277, 197, 136), 'activation': np.str_('relu'), 'solver': 'adam', 'alpha': np.float64(3.432468291817951e-05), 'learning_rate_init': np.float64(0.0003275512248817542), 'batch_size': 64, 'early_stopping': True, 'validation_fraction': 0.1, 'n_iter_no_change': 10}",9,0.813421218828624,5.670652151107788
4,2,"{'hidden_layer_sizes': (169, 128, 237), 'activation': np.str_('relu'), 'solver': 'adam', 'alpha': np.float64(0.0024419032280794456), 'learning_rate_init': np.float64(0.006681044003133819), 'batch_size': 64, 'early_stopping': True, 'validation_fraction': 0.1, 'n_iter_no_change': 10}",9,0.8214859409441706,4.1686341762542725
4,2,"{'hidden_layer_sizes': (116, 259, 95), 'activation': np.str_('tanh'), 'solver': 'adam', 'alpha': np.float64(0.00027259570488890006), 'learning_rate_init': np.float64(0.004680796301594411), 'batch_size': 128, 'early_stopping': True, 'validation_fraction': 0.1, 'n_iter_no_change': 10}",9,0.8319974789903922,3.098416328430176
4,2,"{'hidden_layer_sizes': (65, 222), 'activation': np.str_('relu'), 'solver': 'adam', 'alpha': np.float64(6.051750756501251e-05), 'learning_rate_init': np.float64(0.007768458386078354), 'batch_size': 128, 'early_stopping': True, 'validation_fraction': 0.1, 'n_iter_no_change': 10}",9,0.8285870825822484,1.5520639419555664
4,2,"{'hidden_layer_sizes': (282, 67, 73), 'activation': np.str_('relu'), 'solver': 'adam', 'alpha': np.float64(0.08650511304330653), 'learning_rate_init': np.float64(0.0013477877810481626), 'batch_size': 128, 'early_stopping': True, 'validation_fraction': 0.1, 'n_iter_no_change': 10}",9,0.8113663180986906,2.598938226699829
4,2,"{'hidden_layer_sizes': (297, 139, 218), 'activation': np.str_('relu'), 'solver': 'adam', 'alpha': np.float64(0.0013478158908478866), 'learning_rate_init': np.float64(0.0033967227662544588), 'batch_size': 64, 'early_stopping': True, 'validation_fraction': 0.1, 'n_iter_no_change': 10}",9,0.8310295306992955,5.2899169921875
4,2,"{'hidden_layer_sizes': (161, 54, 121), 'activation': np.str_('relu'), 'solver': 'adam', 'alpha': np.float64(0.0032771962189353087), 'learning_rate_init': np.float64(0.002378144256068384), 'batch_size': 64, 'early_stopping': True, 'validation_fraction': 0.1, 'n_iter_no_change': 10}",9,0.8335137170174939,2.856856107711792
4,2,"{'hidden_layer_sizes': (194, 217), 'activation': np.str_('relu'), 'solver': 'adam', 'alpha': np.float64(0.0009794683795960873), 'learning_rate_init': np.float64(0.004022221959402056), 'batch_size': 64, 'early_stopping': True, 'validation_fraction': 0.1, 'n_iter_no_change': 10}",9,0.8312923682330436,3.569267988204956
4,3,"{'hidden_layer_sizes': (194, 217), 'activation': np.str_('relu'), 'solver': 'adam', 'alpha': np.float64(0.0009794683795960873), 'learning_rate_init': np.float64(0.004022221959402056), 'batch_size': 64, 'early_stopping': True, 'validation_fraction': 0.1, 'n_iter_no_change': 10}",27,0.8557852394376232,10.426855087280273
4,3,"{'hidden_layer_sizes': (116, 259, 95), 'activation': np.str_('tanh'), 'solver': 'adam', 'alpha': np.float64(0.00027259570488890006), 'learning_rate_init': np.float64(0.004680796301594411), 'batch_size': 128, 'early_stopping': True, 'validation_fraction': 0.1, 'n_iter_no_change': 10}",27,0.8637219731003741,9.126083135604858
4,3,"{'hidden_layer_sizes': (161, 54, 121), 'activation': np.str_('relu'), 'solver': 'adam', 'alpha': np.float64(0.0032771962189353087), 'learning_rate_init': np.float64(0.002378144256068384), 'batch_size': 64, 'early_stopping': True, 'validation_fraction': 0.1, 'n_iter_no_change': 10}",27,0.8581292985882273,8.49700927734375
4,4,"{'hidden_layer_sizes': (116, 259, 95), 'activation': np.str_('tanh'), 'solver': 'adam', 'alpha': np.float64(0.00027259570488890006), 'learning_rate_init': np.float64(0.004680796301594411), 'batch_size': 128, 'early_stopping': True, 'validation_fraction': 0.1, 'n_iter_no_change': 10}",81,0.8727364371285934,17.320110082626343
3,0,"{'hidden_layer_sizes': (83,), 'activation': np.str_('relu'), 'solver': 'adam', 'alpha': np.float64(0.0003926729701705413), 'learning_rate_init': np.float64(0.00554050751460619), 'batch_size': 128, 'early_stopping': True, 'validation_fraction': 0.1, 'n_iter_no_change': 10}",3,0.7815378719762037,0.340285062789917
3,0,"{'hidden_layer_sizes': (121, 181, 111), 'activation': np.str_('relu'), 'solver': 'adam', 'alpha': np.float64(3.944756889652665e-05), 'learning_rate_init': np.float64(0.0002578517476132727), 'batch_size': 32, 'early_stopping': True, 'validation_fraction': 0.1, 'n_iter_no_change': 10}",3,0.7886697201175744,2.147475242614746
3,0,"{'hidden_layer_sizes': (181, 93, 293), 'activation': np.str_('tanh'), 'solver': 'adam', 'alpha': np.float64(0.001447369512821042), 'learning_rate_init': np.float64(0.0024665410460706656), 'batch_size': 128, 'early_stopping': True, 'validation_fraction': 0.1, 'n_iter_no_change': 10}",3,0.786983922578233,1.1976230144500732
3,0,"{'hidden_layer_sizes': (62,), 'activation': np.str_('tanh'), 'solver': 'adam', 'alpha': np.float64(0.049022812311464686), 'learning_rate_init': np.float64(0.0008574224932851179), 'batch_size': 256, 'early_stopping': True, 'validation_fraction': 0.1, 'n_iter_no_change': 10}",3,0.7578550331975308,0.2458479404449463
3,0,"{'hidden_layer_sizes': (189, 167, 132), 'activation': np.str_('tanh'), 'solver': 'adam', 'alpha': np.float64(0.005150271390696648), 'learning_rate_init': np.float64(0.00023389784178877177), 'batch_size': 256, 'early_stopping': True, 'validation_fraction': 0.1, 'n_iter_no_change': 10}",3,0.7620563763616639,0.9245409965515137
3,0,"{'hidden_layer_sizes': (52,), 'activation': np.str_('tanh'), 'solver': 'adam', 'alpha': np.float64(3.6644951488457675e-05), 'learning_rate_init': np.float64(0.0006676115215118156), 'batch_size': 128, 'early_stopping': True, 'validation_fraction': 0.1, 'n_iter_no_change': 10}",3,0.7583250556243329,0.2901630401611328
3,0,"{'hidden_layer_sizes': (167, 131), 'activation': np.str_('relu'), 'solver': 'adam', 'alpha': np.float64(4.3113039651173694e-05), 'learning_rate_init': np.float64(0.004577465297252729), 'batch_size': 256, 'early_stopping': True, 'validation_fraction': 0.1, 'n_iter_no_change': 10}",3,0.7977012966286505,0.5738890171051025
3,0,"{'hidden_layer_sizes': (108, 78), 'activation': np.str_('relu'), 'solver': 'adam', 'alpha': np.float64(9.487933088397962e-05), 'learning_rate_init': np.float64(0.000598311081650558), 'batch_size': 128, 'early_stopping': True, 'validation_fraction': 0.1, 'n_iter_no_change': 10}",3,0.7766212249617039,0.5277340412139893
3,0,"{'hidden_layer_sizes': (67, 103), 'activation': np.str_('tanh'), 'solver': 'adam', 'alpha': np.float64(0.0011453427532444628), 'learning_rate_init': np.float64(0.0003388548229438595), 'batch_size': 32, 'early_stopping': True, 'validation_fraction': 0.1, 'n_iter_no_change': 10}",3,0.7624904030107342,1.0185649394989014
3,0,"{'hidden_layer_sizes': (174, 63), 'activation': np.str_('relu'), 'solver': 'adam', 'alpha': np.float64(4.163729460728437e-05), 'learning_rate_init': np.float64(0.0001228703977384838), 'batch_size': 64, 'early_stopping': True, 'validation_fraction': 0.1, 'n_iter_no_change': 10}",3,0.7654221775131175,0.8260829448699951
3,0,"{'hidden_layer_sizes': (159, 199), 'activation': np.str_('relu'), 'solver': 'adam', 'alpha': np.float64(0.0008990800993063968), 'learning_rate_init': np.float64(0.0001066596266903393), 'batch_size': 128, 'early_stopping': True, 'validation_fraction': 0.1, 'n_iter_no_change': 10}",3,0.759608608279704,0.8435268402099609
3,0,"{'hidden_layer_sizes': (100, 283, 289), 'activation': np.str_('relu'), 'solver': 'adam', 'alpha': np.float64(0.00039758500151446265), 'learning_rate_init': np.float64(0.00011295954504096332), 'batch_size': 64, 'early_stopping': True, 'validation_fraction': 0.1, 'n_iter_no_change': 10}",3,0.7768481069728402,2.2523162364959717
3,0,"{'hidden_layer_sizes': (224,), 'activation': np.str_('tanh'), 'solver': 'adam', 'alpha': np.float64(0.00017881604598338406), 'learning_rate_init': np.float64(0.0016037115126347591), 'batch_size': 128, 'early_stopping': True, 'validation_fraction': 0.1, 'n_iter_no_change': 10}",3,0.7620492481401736,0.5114860534667969
3,0,"{'hidden_layer_sizes': (79, 85), 'activation': np.str_('relu'), 'solver': 'adam', 'alpha': np.float64(0.002576253503299278), 'learning_rate_init': np.float64(0.0018453959330666854), 'batch_size': 128, 'early_stopping': True, 'validation_fraction': 0.1, 'n_iter_no_change': 10}",3,0.7903837990925459,0.502281904220581
3,0,"{'hidden_layer_sizes': (153, 76, 98), 'activation': np.str_('tanh'), 'solver': 'adam', 'alpha': np.float64(1.0512296514099509e-05), 'learning_rate_init': np.float64(0.0002749475806592185), 'batch_size': 32, 'early_stopping': True, 'validation_fraction': 0.1, 'n_iter_no_change': 10}",3,0.7682389212578434,1.6981990337371826
3,0,"{'hidden_layer_sizes': (96, 169), 'activation': np.str_('tanh'), 'solver': 'adam', 'alpha': np.float64(1.3919133469446358e-05), 'learning_rate_init': np.float64(0.005758689743354784), 'batch_size': 64, 'early_stopping': True, 'validation_fraction': 0.1, 'n_iter_no_change': 10}",3,0.7909159887827184,0.9034397602081299
3,0,"{'hidden_layer_sizes': (59,), 'activation': np.str_('tanh'), 'solver': 'adam', 'alpha': np.float64(0.02402046145230987), 'learning_rate_init': np.float64(0.0004663994068976373), 'batch_size': 64, 'early_stopping': True, 'validation_fraction': 0.1, 'n_iter_no_change': 10}",3,0.7596356782420101,0.39972591400146484
3,0,"{'hidden_layer_sizes': (74,), 'activation': np.str_('tanh'), 'solver': 'adam', 'alpha': np.float64(0.030356937622703337), 'learning_rate_init': np.float64(0.001270077278814534), 'batch_size': 64, 'early_stopping': True, 'validation_fraction': 0.1, 'n_iter_no_change': 10}",3,0.7688800588583931,0.4421408176422119
3,0,"{'hidden_layer_sizes': (295,), 'activation': np.str_('tanh'), 'solver': 'adam', 'alpha': np.float64(7.044840585353909e-05), 'learning_rate_init': np.float64(0.0001037896728970548), 'batch_size': 64, 'early_stopping': True, 'validation_fraction': 0.1, 'n_iter_no_change': 10}",3,0.7491607695814194,0.7959401607513428
3,0,"{'hidden_layer_sizes': (286, 83, 90), 'activation': np.str_('tanh'), 'solver': 'adam', 'alpha': np.float64(0.08389141549244121), 'learning_rate_init': np.float64(0.00043960533452488536), 'batch_size': 64, 'early_stopping': True, 'validation_fraction': 0.1, 'n_iter_no_change': 10}",3,0.7653729300332257,1.425624132156372
3,0,"{'hidden_layer_sizes': (66, 71, 261), 'activation': np.str_('tanh'), 'solver': 'adam', 'alpha': np.float64(0.0010673278006612602), 'learning_rate_init': np.float64(0.003049407339024736), 'batch_size': 128, 'early_stopping': True, 'validation_fraction': 0.1, 'n_iter_no_change': 10}",3,0.775346855654777,0.8906149864196777
3,0,"{'hidden_layer_sizes': (223, 118, 152), 'activation': np.str_('relu'), 'solver': 'adam', 'alpha': np.float64(0.00024770954600423736), 'learning_rate_init': np.float64(0.006864804629907498), 'batch_size': 32, 'early_stopping': True, 'validation_fraction': 0.1, 'n_iter_no_change': 10}",3,0.7967427440190287,2.2137770652770996
3,0,"{'hidden_layer_sizes': (172, 204), 'activation': np.str_('tanh'), 'solver': 'adam', 'alpha': np.float64(4.7304308053897366e-05), 'learning_rate_init': np.float64(0.009918101606149586), 'batch_size': 32, 'early_stopping': True, 'validation_fraction': 0.1, 'n_iter_no_change': 10}",3,0.7730073621980549,1.843337059020996
3,0,"{'hidden_layer_sizes': (288, 219, 93), 'activation': np.str_('tanh'), 'solver': 'adam', 'alpha': np.float64(0.05902480656876959), 'learning_rate_init': np.float64(0.0013550983995440863), 'batch_size': 128, 'early_stopping': True, 'validation_fraction': 0.1, 'n_iter_no_change': 10}",3,0.7923275743262,1.446662187576294
3,0,"{'hidden_layer_sizes': (297, 55), 'activation': np.str_('tanh'), 'solver': 'adam', 'alpha': np.float64(2.7317619758068842e-05), 'learning_rate_init': np.float64(0.00015829450400213886), 'batch_size': 256, 'early_stopping': True, 'validation_fraction': 0.1, 'n_iter_no_change': 10}",3,0.7587397226111329,0.6321020126342773
3,0,"{'hidden_layer_sizes': (93, 232), 'activation': np.str_('relu'), 'solver': 'adam', 'alpha': np.float64(0.011555639522191628), 'learning_rate_init': np.float64(0.0009092119819412995), 'batch_size': 128, 'early_stopping': True, 'validation_fraction': 0.1, 'n_iter_no_change': 10}",3,0.7880617571808722,0.7516050338745117
3,0,"{'hidden_layer_sizes': (241,), 'activation': np.str_('relu'), 'solver': 'adam', 'alpha': np.float64(0.0002118254130131591), 'learning_rate_init': np.float64(0.00404669967056036), 'batch_size': 256, 'early_stopping': True, 'validation_fraction': 0.1, 'n_iter_no_change': 10}",3,0.787020984702883,0.4453849792480469
3,0,"{'hidden_layer_sizes': (163, 233), 'activation': np.str_('tanh'), 'solver': 'adam', 'alpha': np.float64(0.0461983369841942), 'learning_rate_init': np.float64(0.004656507070776653), 'batch_size': 128, 'early_stopping': True, 'validation_fraction': 0.1, 'n_iter_no_change': 10}",3,0.7781424347733884,0.9434309005737305
3,0,"{'hidden_layer_sizes': (152,), 'activation': np.str_('relu'), 'solver': 'adam', 'alpha': np.float64(0.00011138178366740202), 'learning_rate_init': np.float64(0.004539950863145271), 'batch_size': 256, 'early_stopping': True, 'validation_fraction': 0.1, 'n_iter_no_change': 10}",3,0.7791432796167609,0.36321592330932617
3,0,"{'hidden_layer_sizes': (266, 122, 82), 'activation': np.str_('tanh'), 'solver': 'adam', 'alpha': np.float64(3.492679756948854e-05), 'learning_rate_init': np.float64(0.007069046677514627), 'batch_size': 64, 'early_stopping': True, 'validation_fraction': 0.1, 'n_iter_no_change': 10}",3,0.7926076161294257,1.579322099685669
3,0,"{'hidden_layer_sizes': (168, 95, 295), 'activation': np.str_('relu'), 'solver': 'adam', 'alpha': np.float64(0.00018009961840628093), 'learning_rate_init': np.float64(0.0007090422887347344), 'batch_size': 256, 'early_stopping': True, 'validation_fraction': 0.1, 'n_iter_no_change': 10}",3,0.7861688574675884,0.9329221248626709
3,0,"{'hidden_layer_sizes': (95,), 'activation': np.str_('tanh'), 'solver': 'adam', 'alpha': np.float64(0.010544481988866903), 'learning_rate_init': np.float64(0.00033783167293823137), 'batch_size': 64, 'early_stopping': True, 'validation_fraction': 0.1, 'n_iter_no_change': 10}",3,0.7555365071290167,0.49002504348754883
3,0,"{'hidden_layer_sizes': (50,), 'activation': np.str_('tanh'), 'solver': 'adam', 'alpha': np.float64(9.621064250493694e-05), 'learning_rate_init': np.float64(0.0023080607137223965), 'batch_size': 256, 'early_stopping': True, 'validation_fraction': 0.1, 'n_iter_no_change': 10}",3,0.7619572220109148,0.23208403587341309
3,0,"{'hidden_layer_sizes': (74,), 'activation': np.str_('tanh'), 'solver': 'adam', 'alpha': np.float64(0.02821040208875037), 'learning_rate_init': np.float64(0.00023793661423276812), 'batch_size': 64, 'early_stopping': True, 'validation_fraction': 0.1, 'n_iter_no_change': 10}",3,0.7476834858776765,0.44158482551574707
3,1,"{'hidden_layer_sizes': (168, 95, 295), 'activation': np.str_('relu'), 'solver': 'adam', 'alpha': np.float64(0.00018009961840628093), 'learning_rate_init': np.float64(0.0007090422887347344), 'batch_size': 256, 'early_stopping': True, 'validation_fraction': 0.1, 'n_iter_no_change': 10}",9,0.8085871263796967,2.53462290763855
3,1,"{'hidden_layer_sizes': (181, 93, 293), 'activation': np.str_('tanh'), 'solver': 'adam', 'alpha': np.float64(0.001447369512821042), 'learning_rate_init': np.float64(0.0024665410460706656), 'batch_size': 128, 'early_stopping': True, 'validation_fraction': 0.1, 'n_iter_no_change': 10}",9,0.8316059858748549,3.2772719860076904
3,1,"{'hidden_layer_sizes': (241,), 'activation': np.str_('relu'), 'solver': 'adam', 'alpha': np.float64(0.0002118254130131591), 'learning_rate_init': np.float64(0.00404669967056036), 'batch_size': 256, 'early_stopping': True, 'validation_fraction': 0.1, 'n_iter_no_change': 10}",9,0.8010655685335971,1.0622358322143555
3,1,"{'hidden_layer_sizes': (93, 232), 'activation': np.str_('relu'), 'solver': 'adam', 'alpha': np.float64(0.011555639522191628), 'learning_rate_init': np.float64(0.0009092119819412995), 'batch_size': 128, 'early_stopping': True, 'validation_fraction': 0.1, 'n_iter_no_change': 10}",9,0.808515849056857,2.016807794570923
3,1,"{'hidden_layer_sizes': (121, 181, 111), 'activation': np.str_('relu'), 'solver': 'adam', 'alpha': np.float64(3.944756889652665e-05), 'learning_rate_init': np.float64(0.0002578517476132727), 'batch_size': 32, 'early_stopping': True, 'validation_fraction': 0.1, 'n_iter_no_change': 10}",9,0.8124149962777389,6.21492600440979
3,1,"{'hidden_layer_sizes': (79, 85), 'activation': np.str_('relu'), 'solver': 'adam', 'alpha': np.float64(0.002576253503299278), 'learning_rate_init': np.float64(0.0018453959330666854), 'batch_size': 128, 'early_stopping': True, 'validation_fraction': 0.1, 'n_iter_no_change': 10}",9,0.8124873914003722,1.283484935760498
3,1,"{'hidden_layer_sizes': (96, 169), 'activation': np.str_('tanh'), 'solver': 'adam', 'alpha': np.float64(1.3919133469446358e-05), 'learning_rate_init': np.float64(0.005758689743354784), 'batch_size': 64, 'early_stopping': True, 'validation_fraction': 0.1, 'n_iter_no_change': 10}",9,0.8281589722193982,2.4562008380889893
3,1,"{'hidden_layer_sizes': (288, 219, 93), 'activation': np.str_('tanh'), 'solver': 'adam', 'alpha': np.float64(0.05902480656876959), 'learning_rate_init': np.float64(0.0013550983995440863), 'batch_size': 128, 'early_stopping': True, 'validation_fraction': 0.1, 'n_iter_no_change': 10}",9,0.8268900538747661,3.9597132205963135
3,1,"{'hidden_layer_sizes': (266, 122, 82), 'activation': np.str_('tanh'), 'solver': 'adam', 'alpha': np.float64(3.492679756948854e-05), 'learning_rate_init': np.float64(0.007069046677514627), 'batch_size': 64, 'early_stopping': True, 'validation_fraction': 0.1, 'n_iter_no_change': 10}",9,0.8123545810261131,4.313302993774414
3,1,"{'hidden_layer_sizes': (223, 118, 152), 'activation': np.str_('relu'), 'solver': 'adam', 'alpha': np.float64(0.00024770954600423736), 'learning_rate_init': np.float64(0.006864804629907498), 'batch_size': 32, 'early_stopping': True, 'validation_fraction': 0.1, 'n_iter_no_change': 10}",9,0.8192180712937374,6.4569079875946045
3,1,"{'hidden_layer_sizes': (167, 131), 'activation': np.str_('relu'), 'solver': 'adam', 'alpha': np.float64(4.3113039651173694e-05), 'learning_rate_init': np.float64(0.004577465297252729), 'batch_size': 256, 'early_stopping': True, 'validation_fraction': 0.1, 'n_iter_no_change': 10}",9,0.8240330756868172,1.4646148681640625
3,2,"{'hidden_layer_sizes': (288, 219, 93), 'activation': np.str_('tanh'), 'solver': 'adam', 'alpha': np.float64(0.05902480656876959), 'learning_rate_init': np.float64(0.0013550983995440863), 'batch_size': 128, 'early_stopping': True, 'validation_fraction': 0.1, 'n_iter_no_change': 10}",27,0.8539386732975481,11.533045053482056
3,2,"{'hidden_layer_sizes': (96, 169), 'activation': np.str_('tanh'), 'solver': 'adam', 'alpha': np.float64(1.3919133469446358e-05), 'learning_rate_init': np.float64(0.005758689743354784), 'batch_size': 64, 'early_stopping': True, 'validation_fraction': 0.1, 'n_iter_no_change': 10}",27,0.8581081824957946,7.320323705673218
3,2,"{'hidden_layer_sizes': (181, 93, 293), 'activation': np.str_('tanh'), 'solver': 'adam', 'alpha': np.float64(0.001447369512821042), 'learning_rate_init': np.float64(0.0024665410460706656), 'batch_size': 128, 'early_stopping': True, 'validation_fraction': 0.1, 'n_iter_no_change': 10}",27,0.8631437704465711,9.31504774093628
3,3,"{'hidden_layer_sizes': (181, 93, 293), 'activation': np.str_('tanh'), 'solver': 'adam', 'alpha': np.float64(0.001447369512821042), 'learning_rate_init': np.float64(0.0024665410460706656), 'batch_size': 128, 'early_stopping': True, 'validation_fraction': 0.1, 'n_iter_no_change': 10}",81,0.8674258348143505,14.237337827682495
2,0,"{'hidden_layer_sizes': (62, 157), 'activation': np.str_('relu'), 'solver': 'adam', 'alpha': np.float64(4.7765939882320736e-05), 'learning_rate_init': np.float64(0.006665132919547655), 'batch_size': 64, 'early_stopping': True, 'validation_fraction': 0.1, 'n_iter_no_change': 10}",9,0.8205993126621824,1.9127769470214844
2,0,"{'hidden_layer_sizes': (132, 154), 'activation': np.str_('relu'), 'solver': 'adam', 'alpha': np.float64(2.672972525081338e-05), 'learning_rate_init': np.float64(0.004306595951522174), 'batch_size': 64, 'early_stopping': True, 'validation_fraction': 0.1, 'n_iter_no_change': 10}",9,0.828351114278392,2.650635004043579
2,0,"{'hidden_layer_sizes': (218, 53, 69), 'activation': np.str_('tanh'), 'solver': 'adam', 'alpha': np.float64(0.006572787829440741), 'learning_rate_init': np.float64(0.0009348491378939163), 'batch_size': 128, 'early_stopping': True, 'validation_fraction': 0.1, 'n_iter_no_change': 10}",9,0.8138478308748157,2.1467719078063965
2,0,"{'hidden_layer_sizes': (113, 137, 94), 'activation': np.str_('relu'), 'solver': 'adam', 'alpha': np.float64(2.9338729788145106e-05), 'learning_rate_init': np.float64(0.009102014487355885), 'batch_size': 64, 'early_stopping': True, 'validation_fraction': 0.1, 'n_iter_no_change': 10}",9,0.8185314229583862,3.0990357398986816
2,0,"{'hidden_layer_sizes': (192, 92), 'activation': np.str_('relu'), 'solver': 'adam', 'alpha': np.float64(0.009046835431087665), 'learning_rate_init': np.float64(0.00021852577940329542), 'batch_size': 32, 'early_stopping': True, 'validation_fraction': 0.1, 'n_iter_no_change': 10}",9,0.8003789388891803,4.1448750495910645
2,0,"{'hidden_layer_sizes': (103,), 'activation': np.str_('relu'), 'solver': 'adam', 'alpha': np.float64(0.011282936756401463), 'learning_rate_init': np.float64(0.002275358773081778), 'batch_size': 128, 'early_stopping': True, 'validation_fraction': 0.1, 'n_iter_no_change': 10}",9,0.7956477845356397,0.8458638191223145
2,0,"{'hidden_layer_sizes': (200,), 'activation': np.str_('relu'), 'solver': 'adam', 'alpha': np.float64(7.01552394975465e-05), 'learning_rate_init': np.float64(0.004932786562900015), 'batch_size': 256, 'early_stopping': True, 'validation_fraction': 0.1, 'n_iter_no_change': 10}",9,0.7976644029937585,0.9193470478057861
2,0,"{'hidden_layer_sizes': (68, 259, 140), 'activation': np.str_('relu'), 'solver': 'adam', 'alpha': np.float64(0.009726220474013366), 'learning_rate_init': np.float64(0.0025558032165564756), 'batch_size': 128, 'early_stopping': True, 'validation_fraction': 0.1, 'n_iter_no_change': 10}",9,0.8335599229484977,2.8075709342956543
2,0,"{'hidden_layer_sizes': (241,), 'activation': np.str_('tanh'), 'solver': 'adam', 'alpha': np.float64(2.796266247268747e-05), 'learning_rate_init': np.float64(0.007713964332952209), 'batch_size': 256, 'early_stopping': True, 'validation_fraction': 0.1, 'n_iter_no_change': 10}",9,0.8042112326421416,1.0685193538665771
2,0,"{'hidden_layer_sizes': (209,), 'activation': np.str_('tanh'), 'solver': 'adam', 'alpha': np.float64(0.0071226954381725435), 'learning_rate_init': np.float64(0.009550471257076741), 'batch_size': 32, 'early_stopping': True, 'validation_fraction': 0.1, 'n_iter_no_change': 10}",9,0.7958665548321658,2.596977949142456
2,0,"{'hidden_layer_sizes': (161,), 'activation': np.str_('tanh'), 'solver': 'adam', 'alpha': np.float64(8.629457882795678e-05), 'learning_rate_init': np.float64(0.00019742630418828166), 'batch_size': 64, 'early_stopping': True, 'validation_fraction': 0.1, 'n_iter_no_change': 10}",9,0.7608775160471483,1.509606122970581
2,0,"{'hidden_layer_sizes': (117, 285, 149), 'activation': np.str_('tanh'), 'solver': 'adam', 'alpha': np.float64(0.0008308275144718853), 'learning_rate_init': np.float64(0.0002383149048602218), 'batch_size': 32, 'early_stopping': True, 'validation_fraction': 0.1, 'n_iter_no_change': 10}",9,0.7996820710585872,8.256956338882446
2,0,"{'hidden_layer_sizes': (90,), 'activation': np.str_('tanh'), 'solver': 'adam', 'alpha': np.float64(0.006576980383163255), 'learning_rate_init': np.float64(0.008238990931924189), 'batch_size': 32, 'early_stopping': True, 'validation_fraction': 0.1, 'n_iter_no_change': 10}",9,0.8105596916177481,1.878856897354126
2,0,"{'hidden_layer_sizes': (83, 104, 129), 'activation': np.str_('relu'), 'solver': 'adam', 'alpha': np.float64(0.005192998419291994), 'learning_rate_init': np.float64(0.006395508025322761), 'batch_size': 128, 'early_stopping': True, 'validation_fraction': 0.1, 'n_iter_no_change': 10}",9,0.8263214276233066,1.9895401000976562
2,0,"{'hidden_layer_sizes': (209, 238), 'activation': np.str_('tanh'), 'solver': 'adam', 'alpha': np.float64(0.09454907071796778), 'learning_rate_init': np.float64(0.00385528966303769), 'batch_size': 128, 'early_stopping': True, 'validation_fraction': 0.1, 'n_iter_no_change': 10}",9,0.7933051668728958,2.8061089515686035
2,1,"{'hidden_layer_sizes': (113, 137, 94), 'activation': np.str_('relu'), 'solver': 'adam', 'alpha': np.float64(2.9338729788145106e-05), 'learning_rate_init': np.float64(0.009102014487355885), 'batch_size': 64, 'early_stopping': True, 'validation_fraction': 0.1, 'n_iter_no_change': 10}",27,0.8417644270804686,9.03909420967102
2,1,"{'hidden_layer_sizes': (62, 157), 'activation': np.str_('relu'), 'solver': 'adam', 'alpha': np.float64(4.7765939882320736e-05), 'learning_rate_init': np.float64(0.006665132919547655), 'batch_size': 64, 'early_stopping': True, 'validation_fraction': 0.1, 'n_iter_no_change': 10}",27,0.8455970879495626,5.4313600063323975
2,1,"{'hidden_layer_sizes': (83, 104, 129), 'activation': np.str_('relu'), 'solver': 'adam', 'alpha': np.float64(0.005192998419291994), 'learning_rate_init': np.float64(0.006395508025322761), 'batch_size': 128, 'early_stopping': True, 'validation_fraction': 0.1, 'n_iter_no_change': 10}",27,0.8530569925181055,5.71734094619751
2,1,"{'hidden_layer_sizes': (132, 154), 'activation': np.str_('relu'), 'solver': 'adam', 'alpha': np.float64(2.672972525081338e-05), 'learning_rate_init': np.float64(0.004306595951522174), 'batch_size': 64, 'early_stopping': True, 'validation_fraction': 0.1, 'n_iter_no_change': 10}",27,0.8566628254030305,7.547460079193115
2,1,"{'hidden_layer_sizes': (68, 259, 140), 'activation': np.str_('relu'), 'solver': 'adam', 'alpha': np.float64(0.009726220474013366), 'learning_rate_init': np.float64(0.0025558032165564756), 'batch_size': 128, 'early_stopping': True, 'validation_fraction': 0.1, 'n_iter_no_change': 10}",27,0.8616730444897026,8.480439901351929
2,2,"{'hidden_layer_sizes': (68, 259, 140), 'activation': np.str_('relu'), 'solver': 'adam', 'alpha': np.float64(0.009726220474013366), 'learning_rate_init': np.float64(0.0025558032165564756), 'batch_size': 128, 'early_stopping': True, 'validation_fraction': 0.1, 'n_iter_no_change': 10}",81,0.8642684307977792,12.263978004455566
1,0,"{'hidden_layer_sizes': (110,), 'activation': np.str_('relu'), 'solver': 'adam', 'alpha': np.float64(0.012259951198831562), 'learning_rate_init': np.float64(0.00564388500617998), 'batch_size': 128, 'early_stopping': True, 'validation_fraction': 0.1, 'n_iter_no_change': 10}",27,0.8151257751712065,2.38139009475708
1,0,"{'hidden_layer_sizes': (75, 109), 'activation': np.str_('relu'), 'solver': 'adam', 'alpha': np.float64(1.881833497335378e-05), 'learning_rate_init': np.float64(0.0002536091165259908), 'batch_size': 128, 'early_stopping': True, 'validation_fraction': 0.1, 'n_iter_no_change': 10}",27,0.8011651833512822,3.7113819122314453
1,0,"{'hidden_layer_sizes': (250, 169, 210), 'activation': np.str_('relu'), 'solver': 'adam', 'alpha': np.float64(0.00043243558880322216), 'learning_rate_init': np.float64(0.002070096712305159), 'batch_size': 128, 'early_stopping': True, 'validation_fraction': 0.1, 'n_iter_no_change': 10}",27,0.8655425777496811,11.142756938934326
1,0,"{'hidden_layer_sizes': (148, 188), 'activation': np.str_('relu'), 'solver': 'adam', 'alpha': np.float64(0.003331479642570361), 'learning_rate_init': np.float64(0.004298940243413576), 'batch_size': 32, 'early_stopping': True, 'validation_fraction': 0.1, 'n_iter_no_change': 10}",27,0.8438408529975634,13.908250093460083
1,0,"{'hidden_layer_sizes': (202, 115), 'activation': np.str_('tanh'), 'solver': 'adam', 'alpha': np.float64(0.002877713331590125), 'learning_rate_init': np.float64(0.007841454588294461), 'batch_size': 32, 'early_stopping': True, 'validation_fraction': 0.1, 'n_iter_no_change': 10}",27,0.8130838226549478,13.940476894378662
1,0,"{'hidden_layer_sizes': (88,), 'activation': np.str_('relu'), 'solver': 'adam', 'alpha': np.float64(0.0007676279256987061), 'learning_rate_init': np.float64(0.0004871898566889092), 'batch_size': 128, 'early_stopping': True, 'validation_fraction': 0.1, 'n_iter_no_change': 10}",27,0.7927252656186549,2.3355889320373535
1,0,"{'hidden_layer_sizes': (199,), 'activation': np.str_('relu'), 'solver': 'adam', 'alpha': np.float64(0.004664608727208343), 'learning_rate_init': np.float64(0.0023806466269114045), 'batch_size': 32, 'early_stopping': True, 'validation_fraction': 0.1, 'n_iter_no_change': 10}",27,0.8154100408062831,7.254570722579956
1,0,"{'hidden_layer_sizes': (99, 224, 173), 'activation': np.str_('relu'), 'solver': 'adam', 'alpha': np.float64(0.004948554840024344), 'learning_rate_init': np.float64(0.0017016888134242369), 'batch_size': 256, 'early_stopping': True, 'validation_fraction': 0.1, 'n_iter_no_change': 10}",27,0.8517308013875858,7.298242807388306
1,1,"{'hidden_layer_sizes': (99, 224, 173), 'activation': np.str_('relu'), 'solver': 'adam', 'alpha': np.float64(0.004948554840024344), 'learning_rate_init': np.float64(0.0017016888134242369), 'batch_size': 256, 'early_stopping': True, 'validation_fraction': 0.1, 'n_iter_no_change': 10}",81,0.8651754903181436,12.796913862228394
1,1,"{'hidden_layer_sizes': (250, 169, 210), 'activation': np.str_('relu'), 'solver': 'adam', 'alpha': np.float64(0.00043243558880322216), 'learning_rate_init': np.float64(0.002070096712305159), 'batch_size': 128, 'early_stopping': True, 'validation_fraction': 0.1, 'n_iter_no_change': 10}",81,0.8726578844838918,20.54487895965576
0,0,"{'hidden_layer_sizes': (167,), 'activation': np.str_('relu'), 'solver': 'adam', 'alpha': np.float64(0.0005529619911984693), 'learning_rate_init': np.float64(0.00020666688487956222), 'batch_size': 32, 'early_stopping': True, 'validation_fraction': 0.1, 'n_iter_no_change': 10}",81,0.8081892984197218,13.214117288589478
0,0,"{'hidden_layer_sizes': (70, 85, 50), 'activation': np.str_('relu'), 'solver': 'adam', 'alpha': np.float64(0.005415213158354054), 'learning_rate_init': np.float64(0.000127167364773701), 'batch_size': 256, 'early_stopping': True, 'validation_fraction': 0.1, 'n_iter_no_change': 10}",81,0.8157309123630299,9.579061031341553
0,0,"{'hidden_layer_sizes': (177,), 'activation': np.str_('tanh'), 'solver': 'adam', 'alpha': np.float64(0.0034128514429148673), 'learning_rate_init': np.float64(0.0001672123593886943), 'batch_size': 64, 'early_stopping': True, 'validation_fraction': 0.1, 'n_iter_no_change': 10}",81,0.7886117370372455,10.947534084320068
0,0,"{'hidden_layer_sizes': (110, 220), 'activation': np.str_('tanh'), 'solver': 'adam', 'alpha': np.float64(0.00922729392621565), 'learning_rate_init': np.float64(0.005947214123065136), 'batch_size': 32, 'early_stopping': True, 'validation_fraction': 0.1, 'n_iter_no_change': 10}",81,0.8296588352057013,19.65843105316162
0,0,"{'hidden_layer_sizes': (291, 208, 212), 'activation': np.str_('relu'), 'solver': 'adam', 'alpha': np.float64(0.02115290675200629), 'learning_rate_init': np.float64(0.0037390430732296763), 'batch_size': 128, 'early_stopping': True, 'validation_fraction': 0.1, 'n_iter_no_change': 10}",81,0.8549369699392703,18.90950608253479
